asset_code,board_ref,connector_footprint,pin1,pin2,pin3,pin4
SHT-01,J_SHT01,Connector_JST:JST_XH_B4B-XH-A_1x04_P2.50mm_Vertical,GND,3V3_SENSORS,A_PB7_SDA,A_PB6_SCL
SHT-02,J_SHT02,Connector_JST:JST_XH_B4B-XH-A_1x04_P2.50mm_Vertical,GND,3V3_SENSORS,A_PB7_SDA,A_PB6_SCL
SHT-03,J_SHT03,Connector_JST:JST_XH_B4B-XH-A_1x04_P2.50mm_Vertical,GND,3V3_SENSORS,A_PB11_SDA,A_PB10_SCL
SHT-04,J_SHT04,Connector_JST:JST_XH_B4B-XH-A_1x04_P2.50mm_Vertical,GND,3V3_SENSORS,A_PB11_SDA,A_PB10_SCL
MQ7-01,J_MQ701,Connector_JST:JST_XH_B4B-XH-A_1x04_P2.50mm_Vertical,GND,5V_MQ7,A_PC1,NC
MQ4-01,J_MQ401,Connector_JST:JST_XH_B4B-XH-A_1x04_P2.50mm_Vertical,GND,5V_MQ4,A_PC2,NC
O2-01,J_O201,Connector_JST:JST_XH_B4B-XH-A_1x04_P2.50mm_Vertical,GND,5V_SENSORS,A_PC3,NC
MQ7-02,J_MQ702,Connector_JST:JST_XH_B4B-XH-A_1x04_P2.50mm_Vertical,GND,5V_MQ7,A_PA0,NC
MQ4-02,J_MQ402,Connector_JST:JST_XH_B4B-XH-A_1x04_P2.50mm_Vertical,GND,5V_MQ4,A_PA4,NC
O2-02,J_O202,Connector_JST:JST_XH_B4B-XH-A_1x04_P2.50mm_Vertical,GND,5V_SENSORS,A_PA5,NC
MQ7-03,J_MQ703,Connector_JST:JST_XH_B4B-XH-A_1x04_P2.50mm_Vertical,GND,5V_MQ7,A_PB1,NC
MQ2-01,J_MQ201,Connector_JST:JST_XH_B4B-XH-A_1x04_P2.50mm_Vertical,GND,5V_MQ2,A_PB12,NC
FLAME-01,J_FLAME01,Connector_JST:JST_XH_B4B-XH-A_1x04_P2.50mm_Vertical,GND,5V_SENSORS,A_PB14,NC
LEVEL-01,J_LEVEL01,Connector_JST:JST_XH_B4B-XH-A_1x04_P2.50mm_Vertical,GND,5V_SENSORS,A_PC0,NC
FLAME-02,J_FLAME02,Connector_JST:JST_XH_B4B-XH-A_1x04_P2.50mm_Vertical,GND,5V_SENSORS,A_PC8,NC
FLAME-03,J_FLAME03,Connector_JST:JST_XH_B4B-XH-A_1x04_P2.50mm_Vertical,GND,5V_SENSORS,A_PC9,NC
MQ2-02,J_MQ202,Connector_JST:JST_XH_B4B-XH-A_1x04_P2.50mm_Vertical,GND,5V_MQ2,A_PC10,NC
MQ2-03,J_MQ203,Connector_JST:JST_XH_B4B-XH-A_1x04_P2.50mm_Vertical,GND,5V_MQ2,A_PC11,NC
LEVEL-02,J_LEVEL02,Connector_JST:JST_XH_B4B-XH-A_1x04_P2.50mm_Vertical,GND,5V_SENSORS,A_PC12,NC
LEVEL-03,J_LEVEL03,Connector_JST:JST_XH_B4B-XH-A_1x04_P2.50mm_Vertical,GND,5V_SENSORS,A_PC13,NC
MQ4-03,J_MQ403,Connector_JST:JST_XH_B4B-XH-A_1x04_P2.50mm_Vertical,GND,5V_MQ4,B_PA0,NC
MQ4-04,J_MQ404,Connector_JST:JST_XH_B4B-XH-A_1x04_P2.50mm_Vertical,GND,5V_MQ4,B_PA1,NC
MQ4-05,J_MQ405,Connector_JST:JST_XH_B4B-XH-A_1x04_P2.50mm_Vertical,GND,5V_MQ4,B_PA4,NC
O2-03,J_O203,Connector_JST:JST_XH_B4B-XH-A_1x04_P2.50mm_Vertical,GND,5V_SENSORS,B_PA6,NC
MQ7-04,J_MQ704,Connector_JST:JST_XH_B4B-XH-A_1x04_P2.50mm_Vertical,GND,5V_MQ7,B_PB0,NC
MQ7-05,J_MQ705,Connector_JST:JST_XH_B4B-XH-A_1x04_P2.50mm_Vertical,GND,5V_MQ7,B_PB1,NC
FLAME-04,J_FLAME04,Connector_JST:JST_XH_B4B-XH-A_1x04_P2.50mm_Vertical,GND,5V_SENSORS,B_PC6,NC
FLAME-05,J_FLAME05,Connector_JST:JST_XH_B4B-XH-A_1x04_P2.50mm_Vertical,GND,5V_SENSORS,B_PC7,NC
MQ2-04,J_MQ204,Connector_JST:JST_XH_B4B-XH-A_1x04_P2.50mm_Vertical,GND,5V_MQ2,B_PC8,NC
MQ2-05,J_MQ205,Connector_JST:JST_XH_B4B-XH-A_1x04_P2.50mm_Vertical,GND,5V_MQ2,B_PC9,NC
LEVEL-04,J_LEVEL04,Connector_JST:JST_XH_B4B-XH-A_1x04_P2.50mm_Vertical,GND,5V_SENSORS,B_PC10,NC
LEVEL-05,J_LEVEL05,Connector_JST:JST_XH_B4B-XH-A_1x04_P2.50mm_Vertical,GND,5V_SENSORS,B_PC11,NC
