asset_code,node,connector_pin,mcu_pin,signal_type,voltage_domain,active_level
SHT-01,A,J_SHT01.SDA,PB6/PB7,i2c,3V3,address_0x44
SHT-02,A,J_SHT02.SDA,PB6/PB7,i2c,3V3,address_0x45
SHT-03,A,J_SHT03.SDA,PB10/PB11,i2c,3V3,address_0x44
SHT-04,A,J_SHT04.SDA,PB10/PB11,i2c,3V3,address_0x45
MQ7-01,A,J_MQ701.AO,PC1,analog,protected_3V3,n/a
MQ4-01,A,J_MQ401.AO,PC2,analog,protected_3V3,n/a
O2-01,A,J_O201.AO,PC3,analog,protected_3V3,n/a
MQ7-02,A,J_MQ702.AO,PA0,analog,protected_3V3,n/a
MQ4-02,A,J_MQ402.AO,PA4,analog,protected_3V3,n/a
O2-02,A,J_O202.AO,PA5,analog,protected_3V3,n/a
MQ7-03,A,J_MQ703.AO,PB1,analog,protected_3V3,n/a
MQ2-01,A,J_MQ201.DO,PB12,digital,protected_3V3,low_measured_required
FLAME-01,A,J_FLAME01.DO,PB14,digital,protected_3V3,low_measured_required
LEVEL-01,A,J_LEVEL01.DO,PC0,digital,protected_3V3,low
FLAME-02,A,J_FLAME02.DO,PC8,digital,protected_3V3,measured_required
FLAME-03,A,J_FLAME03.DO,PC9,digital,protected_3V3,measured_required
MQ2-02,A,J_MQ202.DO,PC10,digital,protected_3V3,measured_required
MQ2-03,A,J_MQ203.DO,PC11,digital,protected_3V3,measured_required
LEVEL-02,A,J_LEVEL02.DO,PC12,digital,protected_3V3,measured_required
LEVEL-03,A,J_LEVEL03.DO,PC13,digital,protected_3V3,measured_required
MQ4-03,B,J_MQ403.AO,PA0,analog,protected_3V3,n/a
MQ4-04,B,J_MQ404.AO,PA1,analog,protected_3V3,n/a
MQ4-05,B,J_MQ405.AO,PA4,analog,protected_3V3,n/a
O2-03,B,J_O203.AO,PA6,analog,protected_3V3,n/a
MQ7-04,B,J_MQ704.AO,PB0,analog,protected_3V3,n/a
MQ7-05,B,J_MQ705.AO,PB1,analog,protected_3V3,n/a
FLAME-04,B,J_FLAME04.DO,PC6,digital,protected_3V3,measured_required
FLAME-05,B,J_FLAME05.DO,PC7,digital,protected_3V3,measured_required
MQ2-04,B,J_MQ204.DO,PC8,digital,protected_3V3,measured_required
MQ2-05,B,J_MQ205.DO,PC9,digital,protected_3V3,measured_required
LEVEL-04,B,J_LEVEL04.DO,PC10,digital,protected_3V3,measured_required
LEVEL-05,B,J_LEVEL05.DO,PC11,digital,protected_3V3,measured_required
